[
  {
    "query": "modern professional sofa cleaning service with equipment",
    "image_info": {
      "url": "https://shop.drymastersystems.com/cdn/shop/files/thumbnail_photobank_50_1200x.png?v=1744683055",
      "img_format": "PNG",
      "mode": "RGBA",
      "file_size": 251707,
      "width": 960,
      "height": 960,
      "total_pixels": 921600,
      "basic_score": 0.9287231710235768,
      "file_name": "sofa_cleaning_5.png"
    },
    "llm_score": null
  },
  {
    "query": "modern professional sofa cleaning service with equipment",
    "image_info": {
      "url": "https://m.media-amazon.com/images/I/61E6jmpZAeL._AC_UF894,1000_QL80_.jpg",
      "img_format": "JPEG",
      "mode": "RGB",
      "file_size": 53482,
      "width": 849,
      "height": 1000,
      "total_pixels": 849000,
      "basic_score": 0.9033601557966835,
      "file_name": "sofa_cleaning_0.jpg"
    },
    "llm_score": null
  },
  {
    "query": "modern professional sofa cleaning service with equipment",
    "image_info": {
      "url": "https://m.media-amazon.com/images/I/51tgqHNgnWL._AC_UF894,1000_QL80_.jpg",
      "img_format": "JPEG",
      "mode": "RGB",
      "file_size": 47636,
      "width": 825,
      "height": 1000,
      "total_pixels": 825000,
      "basic_score": 0.89895767810134,
      "file_name": "sofa_cleaning_6.jpg"
    },
    "llm_score": null
  },
  {
    "query": "furniture cleaning results before and after",
    "image_info": {
      "url": "https://chetscleaning.com/wp-content/uploads/red-wine-chair.jpg",
      "img_format": "JPEG",
      "mode": "RGB",
      "file_size": 142410,
      "width": 1200,
      "height": 792,
      "total_pixels": 950400,
      "basic_score": 0.9366984716137581,
      "file_name": "before_after_0.jpg"
    },
    "llm_score": null
  },
  {
    "query": "furniture cleaning results before and after",
    "image_info": {
      "url": "https://indycarpetcleaning.com/wp-content/uploads/2022/06/Upholstery-Cleaning-Indianapolis-2-1030x1030.jpg",
      "img_format": "JPEG",
      "mode": "RGB",
      "file_size": 35998,
      "width": 1030,
      "height": 1030,
      "total_pixels": 1060900,
      "basic_score": 0.9199028081406723,
      "file_name": "before_after_1.jpg"
    },
    "llm_score": null
  },
  {
    "query": "furniture cleaning results before and after",
    "image_info": {
      "url": "https://chetscleaning.com/wp-content/uploads/4-1.jpg",
      "img_format": "JPEG",
      "mode": "RGB",
      "file_size": 92611,
      "width": 1024,
      "height": 676,
      "total_pixels": 692224,
      "basic_score": 0.9010079870597195,
      "file_name": "before_after_3.jpg"
    },
    "llm_score": null
  },
  {
    "query": "mattress cleaning before and after results",
    "image_info": {
      "url": "https://corecleaning.ca/wp-content/uploads/2025/02/mattress-1024x1024.jpg",
      "img_format": "JPEG",
      "mode": "RGB",
      "file_size": 159298,
      "width": 1024,
      "height": 1024,
      "total_pixels": 1048576,
      "basic_score": 0.9322214609562816,
      "file_name": "mattress_cleaning_8.jpg"
    },
    "llm_score": null
  },
  {
    "query": "mattress cleaning before and after results",
    "image_info": {
      "url": "https://cdn.prod.website-files.com/67eb97b5582a9fbded98ffd5/67f52d0189d26fcec8d3aa62_blog-post-1.webp",
      "img_format": "WEBP",
      "mode": "RGB",
      "file_size": 55442,
      "width": 980,
      "height": 647,
      "total_pixels": 634060,
      "basic_score": 0.8951564100715041,
      "file_name": "mattress_cleaning_7.webp"
    },
    "llm_score": null
  },
  {
    "query": "mattress cleaning before and after results",
    "image_info": {
      "url": "https://thumbs.dreamstime.com/b/mattress-cleaning-showing-effectiveness-professional-cleaning-services-mattress-cleaning-374498994.jpg",
      "img_format": "JPEG",
      "mode": "RGB",
      "file_size": 66991,
      "width": 800,
      "height": 533,
      "total_pixels": 426400,
      "basic_score": 0.8318917702703316,
      "file_name": "mattress_cleaning_1.jpg"
    },
    "llm_score": null
  },
  {
    "query": "professional armchair cleaning service",
    "image_info": {
      "url": "https://laundrikart.com/wp-content/uploads/2024/08/LaundriKart-Sofa-Cleaning-Banner-3.jpg",
      "img_format": "JPEG",
      "mode": "RGB",
      "file_size": 138606,
      "width": 1024,
      "height": 1024,
      "total_pixels": 1048576,
      "basic_score": 0.9303025034519924,
      "file_name": "armchair_cleaning_5.jpg"
    },
    "llm_score": null
  },
  {
    "query": "professional armchair cleaning service",
    "image_info": {
      "url": "https://www.dhobilite.com/image/og-image/best-sofa-cleaning-service-by-dhobilite.webp",
      "img_format": "WEBP",
      "mode": "RGB",
      "file_size": 90062,
      "width": 1200,
      "height": 630,
      "total_pixels": 756000,
      "basic_score": 0.9155900045473897,
      "file_name": "armchair_cleaning_7.webp"
    },
    "llm_score": null
  },
  {
    "query": "professional armchair cleaning service",
    "image_info": {
      "url": "https://www.chemdry.com/sites/default/files/inline-images/29-13031_rt-WEB.jpg",
      "img_format": "JPEG",
      "mode": "RGB",
      "file_size": 123463,
      "width": 991,
      "height": 660,
      "total_pixels": 654060,
      "basic_score": 0.8968271178170149,
      "file_name": "armchair_cleaning_0.jpg"
    },
    "llm_score": null
  },
  {
    "query": "professional cleaning equipment for furniture",
    "image_info": {
      "url": "https://www.sparklingandbeyond.com/wp-content/uploads/2022/12/commercial-cleaning-equipment-1024x768.jpg",
      "img_format": "JPEG",
      "mode": "RGB",
      "file_size": 120630,
      "width": 1024,
      "height": 768,
      "total_pixels": 786432,
      "basic_score": 0.9191489935590651,
      "file_name": "equipment_2.jpg"
    },
    "llm_score": null
  },
  {
    "query": "professional cleaning equipment for furniture",
    "image_info": {
      "url": "https://m.media-amazon.com/images/I/71M0Tg0Jw2L._AC_UF894,1000_QL80_.jpg",
      "img_format": "JPEG",
      "mode": "RGB",
      "file_size": 107335,
      "width": 894,
      "height": 894,
      "total_pixels": 799236,
      "basic_score": 0.9152057438060527,
      "file_name": "equipment_3.jpg"
    },
    "llm_score": null
  },
  {
    "query": "professional cleaning equipment for furniture",
    "image_info": {
      "url": "https://m.media-amazon.com/images/I/6159WWWQLDL._AC_UF894,1000_QL80_.jpg",
      "img_format": "JPEG",
      "mode": "RGB",
      "file_size": 43945,
      "width": 894,
      "height": 855,
      "total_pixels": 764370,
      "basic_score": 0.9044536948377153,
      "file_name": "equipment_8.jpg"
    },
    "llm_score": null
  },
  {
    "query": "professional cleaning team working with furniture",
    "image_info": {
      "url": "https://allgreencarpetclean.com/wp-content/uploads/professional-upholstery-cleaning-1.jpg",
      "img_format": "JPEG",
      "mode": "RGB",
      "file_size": 320507,
      "width": 1200,
      "height": 900,
      "total_pixels": 1080000,
      "basic_score": 0.9520555212192826,
      "file_name": "cleaning_team_8.jpg"
    },
    "llm_score": null
  },
  {
    "query": "professional cleaning team working with furniture",
    "image_info": {
      "url": "https://i.ytimg.com/vi/epGmAkxL3n8/maxresdefault.jpg",
      "img_format": "JPEG",
      "mode": "RGB",
      "file_size": 122470,
      "width": 1280,
      "height": 720,
      "total_pixels": 921600,
      "basic_score": 0.9321220770891087,
      "file_name": "cleaning_team_4.jpg"
    },
    "llm_score": null
  },
  {
    "query": "professional cleaning team working with furniture",
    "image_info": {
      "url": "https://apketr.com/wp-content/uploads/2022/08/Benefits-of-Professional-Upholstery-Cleaning-in-Cincinnati-OH.jpg",
      "img_format": "JPEG",
      "mode": "RGB",
      "file_size": 489893,
      "width": 1000,
      "height": 667,
      "total_pixels": 667000,
      "basic_score": 0.9294465389697096,
      "file_name": "cleaning_team_6.jpg"
    },
    "llm_score": null
  }
]